CREATE DATABASE  IF NOT EXISTS `hotelbase` /*!40100 DEFAULT CHARACTER SET utf8 */;
USE `hotelbase`;
-- MySQL dump 10.13  Distrib 5.7.9, for Win64 (x86_64)
--
-- Host: localhost    Database: hotelbase
-- ------------------------------------------------------
-- Server version	5.7.10-log

/*!40101 SET @OLD_CHARACTER_SET_CLIENT=@@CHARACTER_SET_CLIENT */;
/*!40101 SET @OLD_CHARACTER_SET_RESULTS=@@CHARACTER_SET_RESULTS */;
/*!40101 SET @OLD_COLLATION_CONNECTION=@@COLLATION_CONNECTION */;
/*!40101 SET NAMES utf8 */;
/*!40103 SET @OLD_TIME_ZONE=@@TIME_ZONE */;
/*!40103 SET TIME_ZONE='+00:00' */;
/*!40014 SET @OLD_UNIQUE_CHECKS=@@UNIQUE_CHECKS, UNIQUE_CHECKS=0 */;
/*!40014 SET @OLD_FOREIGN_KEY_CHECKS=@@FOREIGN_KEY_CHECKS, FOREIGN_KEY_CHECKS=0 */;
/*!40101 SET @OLD_SQL_MODE=@@SQL_MODE, SQL_MODE='NO_AUTO_VALUE_ON_ZERO' */;
/*!40111 SET @OLD_SQL_NOTES=@@SQL_NOTES, SQL_NOTES=0 */;

--
-- Table structure for table `billdetail`
--

DROP TABLE IF EXISTS `billdetail`;
/*!40101 SET @saved_cs_client     = @@character_set_client */;
/*!40101 SET character_set_client = utf8 */;
CREATE TABLE `billdetail` (
  `BillID` int(11) NOT NULL AUTO_INCREMENT,
  `BillNumber` int(11) NOT NULL,
  `BillAmt` decimal(10,0) DEFAULT NULL,
  `BillDate` datetime DEFAULT NULL,
  `PaymentType` varchar(4) DEFAULT NULL,
  `Notes10` int(11) DEFAULT NULL,
  `Notes20` int(11) DEFAULT NULL,
  `Notes50` int(11) DEFAULT NULL,
  `Notes100` int(11) DEFAULT NULL,
  `Notes500` int(11) DEFAULT NULL,
  `Notes1000` int(11) DEFAULT NULL,
  `BillStatus` varchar(4) DEFAULT NULL,
  `CustID` int(11) DEFAULT NULL,
  `DelFlag` char(1) DEFAULT NULL,
  `ModDate` datetime DEFAULT NULL,
  `CreateDate` datetime DEFAULT NULL,
  `ModBy` int(11) DEFAULT NULL,
  `OrderID` int(11) NOT NULL,
  `ChargedAmt` decimal(10,0) DEFAULT NULL,
  `DiscountPercent` decimal(10,0) DEFAULT NULL,
  `DiscountReason` varchar(5) DEFAULT NULL,
  PRIMARY KEY (`BillID`),
  KEY `toOrderID2` (`OrderID`),
  CONSTRAINT `toOrderID2` FOREIGN KEY (`OrderID`) REFERENCES `foodorderheader` (`OrderID`) ON DELETE NO ACTION ON UPDATE NO ACTION
) ENGINE=InnoDB AUTO_INCREMENT=11 DEFAULT CHARSET=utf8;
/*!40101 SET character_set_client = @saved_cs_client */;

--
-- Dumping data for table `billdetail`
--

LOCK TABLES `billdetail` WRITE;
/*!40000 ALTER TABLE `billdetail` DISABLE KEYS */;
INSERT INTO `billdetail` VALUES (1,1,NULL,NULL,NULL,NULL,NULL,NULL,NULL,NULL,NULL,NULL,NULL,NULL,NULL,NULL,NULL,1,NULL,NULL,NULL),(2,1,2048,'2015-12-25 14:25:46','3',0,0,0,0,NULL,NULL,'23',1,'N','2015-12-25 14:25:46','2015-12-25 14:23:55',1,2,1884,8,'3'),(3,2,1013,'2015-12-25 14:33:25','3',0,0,0,0,NULL,NULL,'23',1,'N','2015-12-25 14:33:25','2015-12-25 14:26:10',1,3,1013,0,''),(4,3,298,'2015-12-28 19:22:02','3',0,0,0,0,NULL,NULL,'22',1,'N','2016-01-02 01:02:30','2015-12-25 14:26:53',1,4,180,3,'1'),(5,4,23,'2015-12-25 14:26:54',NULL,NULL,NULL,NULL,NULL,NULL,NULL,'22',1,'N','2015-12-25 14:26:54','2015-12-25 14:26:54',1,5,NULL,NULL,NULL),(6,5,2784,'2015-12-25 14:27:26','3',0,0,0,0,NULL,NULL,'22',1,'N','2016-04-10 16:52:01','2015-12-25 14:26:55',1,6,90,0,''),(7,6,23,'2015-12-27 16:42:07','3',0,0,0,0,NULL,NULL,'22',1,'N','2015-12-27 16:42:07','2015-12-25 14:26:55',1,7,23,0,''),(8,7,440,'2015-12-27 13:15:18','3',0,0,0,0,NULL,NULL,'22',1,'N','2015-12-27 13:15:18','2015-12-27 13:14:43',1,8,414,6,'1'),(9,8,191,'2015-12-27 13:21:12',NULL,NULL,NULL,NULL,NULL,NULL,NULL,'22',1,'N','2015-12-27 13:21:12','2015-12-27 13:21:12',1,9,NULL,NULL,NULL),(10,9,56,'2015-12-27 13:21:40','3',0,0,0,0,NULL,NULL,'22',1,'N','2016-04-10 16:59:39','2015-12-27 13:21:13',1,10,383,0,'');
/*!40000 ALTER TABLE `billdetail` ENABLE KEYS */;
UNLOCK TABLES;

--
-- Table structure for table `codecategory`
--

DROP TABLE IF EXISTS `codecategory`;
/*!40101 SET @saved_cs_client     = @@character_set_client */;
/*!40101 SET character_set_client = utf8 */;
CREATE TABLE `codecategory` (
  `CategoryID` int(11) NOT NULL AUTO_INCREMENT,
  `CatDesc` varchar(45) DEFAULT NULL,
  `DelFlag` char(1) DEFAULT NULL,
  `ModDate` datetime DEFAULT NULL,
  `CreateDate` datetime DEFAULT NULL,
  `ModBy` int(11) DEFAULT NULL,
  `CatCode` varchar(8) NOT NULL,
  PRIMARY KEY (`CategoryID`),
  UNIQUE KEY `CatCode_UNIQUE` (`CatCode`)
) ENGINE=InnoDB AUTO_INCREMENT=10 DEFAULT CHARSET=utf8;
/*!40101 SET character_set_client = @saved_cs_client */;

--
-- Dumping data for table `codecategory`
--

LOCK TABLES `codecategory` WRITE;
/*!40000 ALTER TABLE `codecategory` DISABLE KEYS */;
INSERT INTO `codecategory` VALUES (1,'PaymentTypes','N',NULL,NULL,NULL,'PYMTTYP'),(2,'TaxTypes','N',NULL,NULL,NULL,'TAXTYP'),(3,'Order Type','N',NULL,NULL,NULL,'ORDRTYP'),(4,'Menu Categories','N','2012-01-23 00:01:47','2012-01-23 00:01:47',NULL,'MNUCAT'),(5,'Order Status Code','N','2012-01-28 12:46:30','2012-01-28 12:46:30',1,'ORDSTS'),(6,'Order Type','N','2012-01-28 13:04:01','2012-01-28 13:04:01',1,'ORDTYP'),(7,'Bill Status codes','N','2012-02-02 07:00:00','2012-02-02 07:00:00',1,'7'),(8,'Inventory Items','N','2012-10-13 08:00:38','2012-10-13 08:00:38',1,'8'),(9,'Discount Reason','N','2013-01-04 18:39:44','2013-01-04 18:39:44',1,'9');
/*!40000 ALTER TABLE `codecategory` ENABLE KEYS */;
UNLOCK TABLES;

--
-- Table structure for table `codedecode`
--

DROP TABLE IF EXISTS `codedecode`;
/*!40101 SET @saved_cs_client     = @@character_set_client */;
/*!40101 SET character_set_client = utf8 */;
CREATE TABLE `codedecode` (
  `CodeID` int(11) NOT NULL AUTO_INCREMENT,
  `CatID` int(11) NOT NULL,
  `Code` varchar(8) NOT NULL,
  `CodeDesc` varchar(45) NOT NULL,
  `DelFlag` char(1) DEFAULT NULL,
  `ModDate` datetime DEFAULT NULL,
  `CreateDate` datetime DEFAULT NULL,
  `ModBy` int(11) DEFAULT NULL,
  PRIMARY KEY (`CodeID`),
  KEY `CodeToCat1` (`CatID`),
  CONSTRAINT `CodeToCat1` FOREIGN KEY (`CatID`) REFERENCES `codecategory` (`CategoryID`) ON DELETE NO ACTION ON UPDATE NO ACTION
) ENGINE=InnoDB AUTO_INCREMENT=89 DEFAULT CHARSET=utf8;
/*!40101 SET character_set_client = @saved_cs_client */;

--
-- Dumping data for table `codedecode`
--

LOCK TABLES `codedecode` WRITE;
/*!40000 ALTER TABLE `codedecode` DISABLE KEYS */;
INSERT INTO `codedecode` VALUES (1,1,'CCD','Credit Card','N',NULL,NULL,NULL),(2,1,'DCD','Debit Card','N',NULL,NULL,NULL),(3,1,'CASH','Cash','N',NULL,NULL,NULL),(4,1,'CHK','Cheque','N',NULL,NULL,NULL),(5,2,'SLSTX','Sales Tax','N',NULL,NULL,NULL),(6,2,'LIQTX','Licquor Tax','N',NULL,NULL,NULL),(7,2,'ENTTX','Entertainment Tax','N',NULL,NULL,NULL),(8,3,'FINEDN','In Hotel dine','N',NULL,NULL,NULL),(9,3,'HOMDEL','Home Delivery','N',NULL,NULL,NULL),(14,5,'NEW','New Created','N','2012-01-28 12:56:01','2012-01-28 12:56:01',1),(16,5,'INPROC','In Progress','N','2012-01-28 12:57:44','2012-01-28 12:57:44',1),(17,5,'VOID','Voided','N','2012-01-28 12:57:44','2012-01-28 12:57:44',1),(18,5,'PAID','Paid-Completed','N','2012-01-28 12:57:44','2012-01-28 12:57:44',1),(20,6,'INHSE','In house','N','2012-01-28 13:04:36','2012-01-28 13:04:36',1),(21,6,'DLVRY','Home delivery','N','2012-01-28 13:04:36','2012-01-28 13:04:36',1),(22,7,'GNRTD','Generated','N','2012-02-02 07:00:17','2012-02-02 07:00:17',1),(23,7,'PAID','Paid','N','2012-02-02 07:00:17','2012-02-02 07:00:17',1),(24,7,'VOID','Voided','N','2012-02-02 07:00:17','2012-02-02 07:00:17',1),(25,7,'VOID','Voided','N','2012-07-11 20:12:59','2012-07-11 20:12:59',1),(26,7,'VOID','Voided','N','2012-07-11 20:13:21','2012-07-11 20:13:21',1),(27,4,'SPLT','Speciality','N','2012-07-11 20:13:21','2012-07-11 20:13:21',1),(28,4,'RICE','Rice','N','2012-07-11 20:13:21','2012-07-11 20:13:21',1),(29,4,'ROTI','Roti','N','2012-07-11 20:13:21','2012-07-11 20:13:21',1),(30,4,'SDSH','Side Dish','N','2012-07-11 20:13:21','2012-07-11 20:13:21',1),(31,4,'DSRT','Dessert','N','2012-07-11 20:13:21','2012-07-11 20:13:21',1),(32,4,'FHFY','Fish Fry','N','2012-07-11 20:13:21','2012-07-11 20:13:21',1),(33,4,'MSLA','Masala','N','2012-07-11 20:13:21','2012-07-11 20:13:21',1),(34,4,'CURY','Curry','N','2012-07-11 20:13:21','2012-07-11 20:13:21',1),(35,4,'VEG','Veg','N','2012-07-11 20:13:21','2012-07-11 20:13:21',1),(36,4,'THLI','Thali','N','2012-07-11 20:13:21','2012-07-11 20:13:21',1),(37,4,'KADI','Kadi','N','2012-07-11 20:13:21','2012-07-11 20:13:21',1),(38,4,'SOUP','Soup','N','2012-07-11 20:13:21','2012-07-11 20:13:21',1),(74,8,'1','Vegetables','N','2012-10-13 08:06:40','2012-10-13 08:06:40',1),(75,8,'2','Raw Fish','N','2012-10-13 08:06:40','2012-10-13 08:06:40',1),(76,8,'3','DAIRY','N','2012-10-13 08:06:40','2012-10-13 08:06:40',1),(80,8,'7','ICECREAM','N','2012-10-13 08:06:40','2012-10-13 08:06:40',1),(81,8,'8','SOFTDRNK','N','2012-10-13 08:06:40','2012-10-13 08:06:40',1),(82,8,'9','PAPAD','N','2012-10-13 08:06:40','2012-10-13 08:06:40',1),(84,8,'4','GRAINS','N','2012-10-13 23:53:36','2012-10-13 23:53:36',1),(85,8,'5','MEAT','N','2012-10-13 23:53:36','2012-10-13 23:53:36',1),(86,9,'1','Friends n Family','N','2013-01-04 18:41:00','2013-01-04 18:41:00',1),(87,9,'2','Cust Satisfaction','N','2013-01-04 18:41:00','2013-01-04 18:41:00',1),(88,9,'3','Promotion-offer','N','2013-01-04 18:41:01','2013-01-04 18:41:01',1);
/*!40000 ALTER TABLE `codedecode` ENABLE KEYS */;
UNLOCK TABLES;

--
-- Table structure for table `customerdetail`
--

DROP TABLE IF EXISTS `customerdetail`;
/*!40101 SET @saved_cs_client     = @@character_set_client */;
/*!40101 SET character_set_client = utf8 */;
CREATE TABLE `customerdetail` (
  `CustomerID` int(11) NOT NULL AUTO_INCREMENT,
  `Fname` varchar(45) DEFAULT NULL,
  `Lname` varchar(45) NOT NULL,
  `PhoneNum` varchar(20) NOT NULL,
  `Addr1` varchar(45) NOT NULL,
  `Addr2` varchar(45) NOT NULL,
  `Addr3` varchar(45) DEFAULT NULL,
  `City` varchar(45) DEFAULT NULL,
  `State` varchar(20) DEFAULT NULL,
  `Pin` varchar(10) DEFAULT NULL,
  `Status` varchar(4) DEFAULT NULL,
  `Email` varchar(45) DEFAULT NULL,
  `DelFlag` char(1) DEFAULT NULL,
  `ModDate` datetime DEFAULT NULL,
  `CreateDate` datetime DEFAULT NULL,
  `ModBy` int(11) DEFAULT NULL,
  PRIMARY KEY (`CustomerID`)
) ENGINE=InnoDB DEFAULT CHARSET=utf8;
/*!40101 SET character_set_client = @saved_cs_client */;

--
-- Dumping data for table `customerdetail`
--

LOCK TABLES `customerdetail` WRITE;
/*!40000 ALTER TABLE `customerdetail` DISABLE KEYS */;
/*!40000 ALTER TABLE `customerdetail` ENABLE KEYS */;
UNLOCK TABLES;

--
-- Table structure for table `finedinetables`
--

DROP TABLE IF EXISTS `finedinetables`;
/*!40101 SET @saved_cs_client     = @@character_set_client */;
/*!40101 SET character_set_client = utf8 */;
CREATE TABLE `finedinetables` (
  `FineDineTableID` int(11) NOT NULL AUTO_INCREMENT,
  `TableNickName` varchar(45) NOT NULL,
  `HotelID` int(11) NOT NULL,
  `DelFlag` char(1) DEFAULT NULL,
  `ModDate` datetime DEFAULT NULL,
  `CreateDate` datetime DEFAULT NULL,
  `ModBy` int(11) DEFAULT NULL,
  PRIMARY KEY (`FineDineTableID`),
  KEY `ToHotel` (`HotelID`),
  CONSTRAINT `ToHotel` FOREIGN KEY (`HotelID`) REFERENCES `hoteldetail` (`hotelid`) ON DELETE NO ACTION ON UPDATE NO ACTION
) ENGINE=InnoDB AUTO_INCREMENT=5 DEFAULT CHARSET=utf8;
/*!40101 SET character_set_client = @saved_cs_client */;

--
-- Dumping data for table `finedinetables`
--

LOCK TABLES `finedinetables` WRITE;
/*!40000 ALTER TABLE `finedinetables` DISABLE KEYS */;
INSERT INTO `finedinetables` VALUES (1,'Left Corner 1',1,'N',NULL,NULL,NULL),(2,'Right Corner 1',1,'N',NULL,NULL,NULL),(3,'Back 1',1,'N',NULL,NULL,NULL),(4,'Back 2',1,'N',NULL,NULL,NULL);
/*!40000 ALTER TABLE `finedinetables` ENABLE KEYS */;
UNLOCK TABLES;

--
-- Table structure for table `foodorderdetail`
--

DROP TABLE IF EXISTS `foodorderdetail`;
/*!40101 SET @saved_cs_client     = @@character_set_client */;
/*!40101 SET character_set_client = utf8 */;
CREATE TABLE `foodorderdetail` (
  `FoodOrderDetailID` int(11) NOT NULL AUTO_INCREMENT,
  `OrderID` int(11) NOT NULL,
  `MenuItemID` int(11) NOT NULL,
  `MenuItemQty` int(11) DEFAULT NULL,
  `TaxID` int(11) DEFAULT NULL,
  `DelFlag` char(1) DEFAULT NULL,
  `ModDate` datetime DEFAULT NULL,
  `CreateDate` datetime DEFAULT NULL,
  `ModBy` int(11) DEFAULT NULL,
  `Cmplmntry` varchar(1) DEFAULT NULL,
  PRIMARY KEY (`FoodOrderDetailID`),
  KEY `OrderDetailToHeader` (`OrderID`),
  KEY `MenuItemIdIndex` (`FoodOrderDetailID`,`OrderID`,`MenuItemID`),
  CONSTRAINT `OrderDetailToHeader` FOREIGN KEY (`OrderID`) REFERENCES `foodorderheader` (`OrderID`) ON DELETE NO ACTION ON UPDATE NO ACTION
) ENGINE=InnoDB AUTO_INCREMENT=49 DEFAULT CHARSET=utf8;
/*!40101 SET character_set_client = @saved_cs_client */;

--
-- Dumping data for table `foodorderdetail`
--

LOCK TABLES `foodorderdetail` WRITE;
/*!40000 ALTER TABLE `foodorderdetail` DISABLE KEYS */;
INSERT INTO `foodorderdetail` VALUES (1,2,141,3,NULL,'N','2015-12-25 14:23:55','2015-12-25 14:23:55',1,'Y'),(2,2,142,3,NULL,'N','2015-12-25 14:24:02','2015-12-25 14:24:02',1,'Y'),(3,2,147,2,NULL,'N','2015-12-25 14:24:07','2015-12-25 14:24:07',1,'Y'),(4,3,96,2,NULL,'N','2015-12-25 14:26:10','2015-12-25 14:26:10',1,'N'),(5,4,164,1,NULL,'N','2015-12-25 14:26:53','2015-12-25 14:26:53',1,'Y'),(6,5,164,1,NULL,'N','2015-12-25 14:26:54','2015-12-25 14:26:54',1,'N'),(7,6,164,4,NULL,'N','2015-12-25 14:26:55','2015-12-25 14:26:55',1,'Y'),(8,7,164,1,NULL,'N','2015-12-25 14:26:55','2015-12-25 14:26:55',1,'N'),(9,6,167,2,NULL,'N','2015-12-25 14:29:43','2015-12-25 14:29:43',1,'Y'),(10,6,130,3,NULL,'N','2015-12-25 14:29:52','2015-12-25 14:29:52',1,'Y'),(11,8,105,1,NULL,'N','2015-12-27 13:14:42','2015-12-27 13:14:42',1,'N'),(12,8,106,2,NULL,'N','2015-12-27 13:14:45','2015-12-27 13:14:45',1,'N'),(13,8,141,2,NULL,'N','2015-12-27 13:14:52','2015-12-27 13:14:52',1,'N'),(14,9,129,1,NULL,'N','2015-12-27 13:21:11','2015-12-27 13:21:11',1,'N'),(15,10,129,2,NULL,'Y','2015-12-27 13:21:13','2015-12-27 13:21:13',1,'N'),(16,4,163,1,NULL,'N','2015-12-27 15:39:15','2015-12-27 15:39:15',1,'N'),(17,4,166,2,NULL,'N','2015-12-28 18:42:04','2015-12-28 18:42:04',1,'Y'),(18,4,154,2,NULL,'N','2015-12-30 17:37:08','2015-12-30 17:37:08',1,'Y'),(19,4,167,3,NULL,'N','2016-01-02 01:02:25','2016-01-02 01:02:25',1,'N'),(32,6,163,1,NULL,'N','2016-04-10 16:50:57','2016-04-10 16:50:57',1,'Y'),(33,6,154,4,NULL,'N','2016-04-10 16:51:24','2016-04-10 16:51:24',1,'Y'),(34,6,152,1,NULL,'N','2016-04-10 16:51:44','2016-04-10 16:51:44',1,'Y'),(35,6,103,5,NULL,'N','2016-04-10 16:51:51','2016-04-10 16:51:51',1,'Y'),(36,10,163,1,NULL,'Y','2016-04-10 16:53:29','2016-04-10 16:53:29',1,'N'),(37,10,163,5,NULL,'Y','2016-04-10 16:53:50','2016-04-10 16:53:50',1,'N'),(38,10,167,1,NULL,'Y','2016-04-10 16:54:20','2016-04-10 16:54:20',1,'Y'),(39,10,129,1,NULL,'Y','2016-04-10 16:54:52','2016-04-10 16:54:52',1,'N'),(40,10,128,1,NULL,'Y','2016-04-10 16:54:57','2016-04-10 16:54:57',1,'Y'),(41,10,136,1,NULL,'Y','2016-04-10 16:55:00','2016-04-10 16:55:00',1,'Y'),(42,10,100,2,NULL,'Y','2016-04-10 16:56:06','2016-04-10 16:56:06',1,'N'),(43,10,103,2,NULL,'Y','2016-04-10 16:56:12','2016-04-10 16:56:12',1,'N'),(44,10,101,1,NULL,'Y','2016-04-10 16:56:24','2016-04-10 16:56:24',1,'N'),(45,10,97,1,NULL,'Y','2016-04-10 16:56:36','2016-04-10 16:56:36',1,'N'),(46,10,113,4,NULL,'Y','2016-04-10 16:58:35','2016-04-10 16:58:35',1,'N'),(47,10,112,1,NULL,'N','2016-04-10 16:59:25','2016-04-10 16:59:25',1,'N'),(48,10,113,1,NULL,'N','2016-04-10 16:59:39','2016-04-10 16:59:39',1,'N');
/*!40000 ALTER TABLE `foodorderdetail` ENABLE KEYS */;
UNLOCK TABLES;

--
-- Table structure for table `foodorderheader`
--

DROP TABLE IF EXISTS `foodorderheader`;
/*!40101 SET @saved_cs_client     = @@character_set_client */;
/*!40101 SET character_set_client = utf8 */;
CREATE TABLE `foodorderheader` (
  `OrderID` int(11) NOT NULL AUTO_INCREMENT,
  `OrderNumber` int(11) NOT NULL,
  `TableID` int(11) NOT NULL,
  `OrderStartTime` datetime DEFAULT NULL,
  `OrderEndTime` datetime DEFAULT NULL,
  `OrderStatus` char(4) NOT NULL,
  `BillID` int(11) DEFAULT NULL,
  `OrderType` char(4) NOT NULL,
  `CustomerID` int(11) DEFAULT NULL,
  `DelFlag` char(1) DEFAULT NULL,
  `ModDate` datetime DEFAULT NULL,
  `CreateDate` datetime DEFAULT NULL,
  `ModBy` int(11) DEFAULT NULL,
  PRIMARY KEY (`OrderID`),
  KEY `OrderHToFineDineTables` (`TableID`),
  KEY `OrderHToBill` (`BillID`),
  KEY `OrderIDToCust` (`CustomerID`),
  CONSTRAINT `OrderHToBill` FOREIGN KEY (`BillID`) REFERENCES `billdetail` (`BillID`) ON DELETE NO ACTION ON UPDATE NO ACTION,
  CONSTRAINT `OrderIDToCust` FOREIGN KEY (`CustomerID`) REFERENCES `customerdetail` (`CustomerID`) ON DELETE NO ACTION ON UPDATE NO ACTION
) ENGINE=InnoDB AUTO_INCREMENT=11 DEFAULT CHARSET=utf8;
/*!40101 SET character_set_client = @saved_cs_client */;

--
-- Dumping data for table `foodorderheader`
--

LOCK TABLES `foodorderheader` WRITE;
/*!40000 ALTER TABLE `foodorderheader` DISABLE KEYS */;
INSERT INTO `foodorderheader` VALUES (1,1,1,'2012-07-11 20:16:40','2012-07-11 20:16:40','20',NULL,'6',NULL,NULL,NULL,NULL,NULL),(2,1,4,'2015-12-25 14:23:55','2015-12-25 14:25:46','20',NULL,'20',NULL,'N','2015-12-25 14:25:46','2015-12-25 14:23:55',1),(3,2,1,'2015-12-25 14:26:09','2015-12-25 14:33:24','20',NULL,'20',NULL,'N','2015-12-25 14:33:24','2015-12-25 14:26:09',1),(4,3,3,'2015-12-25 14:26:53','2015-12-28 19:22:02','16',NULL,'20',NULL,'N','2015-12-28 19:22:02','2015-12-25 14:26:53',1),(5,4,3,'2015-12-25 14:26:54',NULL,'16',NULL,'20',NULL,'N','2015-12-25 14:26:54','2015-12-25 14:26:54',1),(6,5,3,'2015-12-25 14:26:55','2015-12-25 14:27:26','16',NULL,'20',NULL,'N','2015-12-25 14:27:26','2015-12-25 14:26:55',1),(7,6,3,'2015-12-25 14:26:55','2015-12-27 16:42:07','16',NULL,'20',NULL,'N','2015-12-27 16:42:07','2015-12-25 14:26:55',1),(8,7,1,'2015-12-27 13:14:42','2015-12-27 13:15:18','16',NULL,'20',NULL,'N','2015-12-27 13:15:18','2015-12-27 13:14:42',1),(9,8,2,'2015-12-27 13:21:11',NULL,'16',NULL,'20',NULL,'N','2015-12-27 13:21:11','2015-12-27 13:21:11',1),(10,9,2,'2015-12-27 13:21:13','2015-12-27 13:21:40','16',NULL,'20',NULL,'N','2015-12-27 13:21:40','2015-12-27 13:21:13',1);
/*!40000 ALTER TABLE `foodorderheader` ENABLE KEYS */;
UNLOCK TABLES;

--
-- Table structure for table `foodordertax`
--

DROP TABLE IF EXISTS `foodordertax`;
/*!40101 SET @saved_cs_client     = @@character_set_client */;
/*!40101 SET character_set_client = utf8 */;
CREATE TABLE `foodordertax` (
  `FoodOrderTaxID` int(11) NOT NULL AUTO_INCREMENT,
  `OrderID` int(11) NOT NULL,
  `TaxID` int(11) NOT NULL,
  `TaxAmt` decimal(10,3) DEFAULT '0.000',
  `DelFlag` char(1) DEFAULT NULL,
  `ModDate` datetime DEFAULT NULL,
  `CreateDate` datetime DEFAULT NULL,
  `ModBy` int(11) DEFAULT NULL,
  PRIMARY KEY (`FoodOrderTaxID`),
  UNIQUE KEY `OrderID_UNIQUE` (`OrderID`,`TaxID`),
  KEY `ToOrderHeader1` (`OrderID`),
  KEY `ToMenuTax` (`TaxID`)
) ENGINE=InnoDB AUTO_INCREMENT=164 DEFAULT CHARSET=utf8;
/*!40101 SET character_set_client = @saved_cs_client */;

--
-- Dumping data for table `foodordertax`
--

LOCK TABLES `foodordertax` WRITE;
/*!40000 ALTER TABLE `foodordertax` DISABLE KEYS */;
INSERT INTO `foodordertax` VALUES (81,40,1,306.250,'N','2012-10-12 03:27:21','2012-07-11 20:18:09',1),(84,41,1,452.500,'N','2012-10-18 10:20:31','2012-07-12 23:43:50',1),(98,59,1,200.000,'N','2012-10-22 00:07:39','2012-10-12 03:23:49',1),(106,60,1,489.750,'N','2012-10-22 00:22:37','2012-10-18 10:38:04',1),(107,61,1,54.375,'N','2013-01-02 22:28:48','2013-01-02 22:01:50',1),(112,62,1,76.250,'N','2013-01-02 22:35:47','2013-01-02 22:32:45',1),(115,63,1,16.250,'N','2013-01-02 22:39:02','2013-01-02 22:39:02',1),(116,64,1,77.500,'N','2013-01-02 22:51:28','2013-01-02 22:50:27',1),(118,65,1,10.000,'N','2013-01-02 22:59:53','2013-01-02 22:59:53',1),(119,8,1,48.875,'N','2015-12-27 13:14:54','2013-01-04 17:49:57',1),(142,9,1,21.250,'N','2015-12-27 13:21:12','2013-01-05 09:42:58',1),(145,10,1,6.250,'N','2016-04-10 16:59:39','2013-01-05 09:44:43',1),(149,11,1,431.250,'N','2013-01-06 12:12:02','2013-01-06 10:07:03',1),(150,2,1,227.500,'N','2015-12-25 14:24:08','2015-12-25 14:23:55',1),(158,3,1,112.500,'N','2015-12-25 14:26:14','2015-12-25 14:26:10',1),(160,4,1,33.125,'N','2016-01-02 01:02:30','2015-12-25 14:26:53',1),(161,5,1,2.500,'N','2015-12-25 14:26:54','2015-12-25 14:26:54',1),(162,6,1,309.375,'N','2016-04-10 16:52:01','2015-12-25 14:26:55',1),(163,7,1,2.500,'N','2015-12-25 14:26:55','2015-12-25 14:26:55',1);
/*!40000 ALTER TABLE `foodordertax` ENABLE KEYS */;
UNLOCK TABLES;

--
-- Table structure for table `hoteldetail`
--

DROP TABLE IF EXISTS `hoteldetail`;
/*!40101 SET @saved_cs_client     = @@character_set_client */;
/*!40101 SET character_set_client = utf8 */;
CREATE TABLE `hoteldetail` (
  `hotelid` int(11) NOT NULL AUTO_INCREMENT,
  `HotelName` varchar(45) DEFAULT NULL,
  `HotelAddr1` varchar(45) DEFAULT NULL,
  `sHotelAddr2` varchar(45) DEFAULT NULL,
  `HotelAddr3` varchar(45) DEFAULT NULL,
  `HotelState` varchar(20) NOT NULL,
  `HotelPin` varchar(45) NOT NULL,
  `HotelLogo` blob,
  `DelFlag` char(1) DEFAULT NULL,
  `ModDate` datetime DEFAULT NULL,
  `CreateDate` datetime DEFAULT NULL,
  `ModBy` varchar(16) DEFAULT NULL,
  `HotelPhone` varchar(20) DEFAULT NULL,
  `HotelContact` varchar(45) DEFAULT NULL,
  PRIMARY KEY (`hotelid`)
) ENGINE=InnoDB AUTO_INCREMENT=2 DEFAULT CHARSET=utf8;
/*!40101 SET character_set_client = @saved_cs_client */;

--
-- Dumping data for table `hoteldetail`
--

LOCK TABLES `hoteldetail` WRITE;
/*!40000 ALTER TABLE `hoteldetail` DISABLE KEYS */;
INSERT INTO `hoteldetail` VALUES (1,'Fun & Frappe','Mulund','West',NULL,'Maharashtra','400066',NULL,'N',NULL,NULL,NULL,NULL,NULL);
/*!40000 ALTER TABLE `hoteldetail` ENABLE KEYS */;
UNLOCK TABLES;

--
-- Table structure for table `inventorydetail`
--

DROP TABLE IF EXISTS `inventorydetail`;
/*!40101 SET @saved_cs_client     = @@character_set_client */;
/*!40101 SET character_set_client = utf8 */;
CREATE TABLE `inventorydetail` (
  `InventoryDetailID` int(11) NOT NULL AUTO_INCREMENT,
  `InventoryHeaderID` int(11) NOT NULL,
  `InventoryQty` decimal(4,2) NOT NULL,
  `InventoryAction` int(11) NOT NULL,
  `InventoryCost` decimal(10,2) DEFAULT '0.00',
  `BoughtUsedDate` datetime DEFAULT NULL,
  `DelFlag` char(1) DEFAULT NULL,
  `ModDate` datetime DEFAULT NULL,
  `CreateDate` datetime DEFAULT NULL,
  `ModBy` int(11) DEFAULT NULL,
  `OrderID` int(11) NOT NULL,
  `MenuItemId` int(11) NOT NULL,
  PRIMARY KEY (`InventoryDetailID`),
  KEY `FKtoOrdDtl` (`MenuItemId`),
  KEY `IdxInvntryAction` (`InventoryAction`),
  CONSTRAINT `FKtoOrdDtl` FOREIGN KEY (`MenuItemId`) REFERENCES `menuitemheader` (`MenuItemID`) ON DELETE NO ACTION ON UPDATE NO ACTION
) ENGINE=InnoDB AUTO_INCREMENT=374 DEFAULT CHARSET=utf8;
/*!40101 SET character_set_client = @saved_cs_client */;

--
-- Dumping data for table `inventorydetail`
--

LOCK TABLES `inventorydetail` WRITE;
/*!40000 ALTER TABLE `inventorydetail` DISABLE KEYS */;
INSERT INTO `inventorydetail` VALUES (260,81,1.00,3,0.00,'2012-10-18 10:42:18','N','2012-10-18 10:42:18','2012-10-18 10:42:18',1,60,97),(261,85,1.00,3,0.00,'2012-10-18 10:42:18','N','2012-10-18 10:42:18','2012-10-18 10:42:18',1,60,97),(262,84,1.00,3,0.00,'2012-10-18 10:42:18','N','2012-10-18 10:42:18','2012-10-18 10:42:18',1,60,97),(263,81,1.00,3,0.00,'2012-10-22 00:13:33','N','2012-10-22 00:13:33','2012-10-22 00:13:33',1,60,97),(264,85,1.00,3,0.00,'2012-10-22 00:14:21','N','2012-10-22 00:14:21','2012-10-22 00:14:21',1,60,97),(265,84,1.00,3,0.00,'2012-10-22 00:14:58','N','2012-10-22 00:14:58','2012-10-22 00:14:58',1,60,97),(266,112,2.00,3,0.00,'2012-10-22 00:22:36','N','2012-10-22 00:22:36','2012-10-22 00:22:36',1,60,111),(267,101,3.00,3,0.00,'2013-01-02 22:02:20','N','2013-01-02 22:02:20','2013-01-02 22:02:20',1,61,108),(268,85,1.00,3,0.00,'2013-01-02 22:28:48','N','2013-01-02 22:28:48','2013-01-02 22:28:48',1,61,143),(269,108,4.00,2,1.00,'2013-01-23 00:00:00','N','2013-01-02 22:55:21','2013-01-02 22:55:21',1,-1,-1),(270,110,1.00,1,1.00,'0001-01-01 00:00:00','N','2013-01-02 22:56:11','2013-01-02 22:56:11',1,-1,-1),(271,94,2.00,1,1.00,'0001-01-01 00:00:00','N','2013-01-02 22:58:28','2013-01-02 22:58:28',1,-1,-1),(272,79,3.00,1,3.00,'0001-01-01 00:00:00','N','2013-01-02 22:59:30','2013-01-02 22:59:30',1,-1,-1),(273,86,1.00,3,0.00,'2013-01-04 17:58:12','N','2013-01-04 17:58:12','2013-01-04 17:58:12',1,8,167),(274,86,1.00,3,0.00,'2013-01-04 17:58:13','N','2013-01-04 17:58:13','2013-01-04 17:58:13',1,8,167),(275,86,1.00,3,0.00,'2013-01-04 17:58:14','N','2013-01-04 17:58:14','2013-01-04 17:58:14',1,8,167),(276,105,0.20,3,0.00,'2013-01-04 17:59:21','N','2013-01-04 17:59:21','2013-01-04 17:59:21',1,8,103),(277,105,0.20,3,0.00,'2013-01-04 17:59:22','N','2013-01-04 17:59:22','2013-01-04 17:59:22',1,8,103),(278,105,0.20,3,0.00,'2013-01-04 17:59:24','N','2013-01-04 17:59:24','2013-01-04 17:59:24',1,8,103),(279,101,3.00,3,0.00,'2013-01-04 18:25:21','N','2013-01-04 18:25:21','2013-01-04 18:25:21',1,8,108),(280,101,3.00,3,0.00,'2013-01-04 18:25:29','N','2013-01-04 18:25:29','2013-01-04 18:25:29',1,8,108),(281,101,3.00,3,0.00,'2013-01-04 18:25:33','N','2013-01-04 18:25:33','2013-01-04 18:25:33',1,8,108),(282,101,3.00,3,0.00,'2013-01-04 18:25:36','N','2013-01-04 18:25:36','2013-01-04 18:25:36',1,8,108),(283,101,3.00,3,0.00,'2013-01-04 18:25:39','N','2013-01-04 18:25:39','2013-01-04 18:25:39',1,8,108),(284,101,3.00,3,0.00,'2013-01-04 18:25:42','N','2013-01-04 18:25:42','2013-01-04 18:25:42',1,8,108),(285,101,3.00,3,0.00,'2013-01-04 18:25:43','N','2013-01-04 18:25:43','2013-01-04 18:25:43',1,8,108),(286,94,0.10,3,0.00,'2013-01-05 09:43:01','N','2013-01-05 09:43:01','2013-01-05 09:43:01',1,9,106),(287,87,1.00,3,0.00,'2013-01-05 09:44:44','N','2013-01-05 09:44:44','2013-01-05 09:44:44',1,10,117),(288,78,0.10,3,0.00,'2013-01-06 10:07:19','N','2013-01-06 10:07:19','2013-01-06 10:07:19',1,11,110),(289,102,0.10,3,0.00,'2013-01-06 10:07:19','N','2013-01-06 10:07:19','2013-01-06 10:07:19',1,11,110),(290,78,0.10,3,0.00,'2013-01-06 10:07:22','N','2013-01-06 10:07:22','2013-01-06 10:07:22',1,11,110),(291,102,0.10,3,0.00,'2013-01-06 10:07:22','N','2013-01-06 10:07:22','2013-01-06 10:07:22',1,11,110),(292,92,1.00,3,0.00,'2013-01-06 10:09:33','N','2013-01-06 10:09:33','2013-01-06 10:09:33',1,11,132),(293,92,1.00,3,0.00,'2013-01-06 10:09:34','N','2013-01-06 10:09:34','2013-01-06 10:09:34',1,11,132),(294,92,1.00,3,0.00,'2013-01-06 10:09:36','N','2013-01-06 10:09:36','2013-01-06 10:09:36',1,11,132),(295,105,0.50,3,0.00,'2013-01-06 10:10:09','N','2013-01-06 10:10:09','2013-01-06 10:10:09',1,11,134),(296,105,0.50,3,0.00,'2013-01-06 10:10:10','N','2013-01-06 10:10:10','2013-01-06 10:10:10',1,11,134),(297,101,3.00,3,0.00,'2013-01-06 10:20:35','N','2013-01-06 10:20:35','2013-01-06 10:20:35',1,11,108),(298,101,3.00,3,0.00,'2013-01-06 10:20:40','N','2013-01-06 10:20:40','2013-01-06 10:20:40',1,11,108),(299,101,3.00,3,0.00,'2013-01-06 10:20:41','N','2013-01-06 10:20:41','2013-01-06 10:20:41',1,11,108),(300,101,3.00,3,0.00,'2013-01-06 10:20:45','N','2013-01-06 10:20:45','2013-01-06 10:20:45',1,11,108),(301,85,1.00,3,0.00,'2013-01-06 10:22:31','N','2013-01-06 10:22:31','2013-01-06 10:22:31',1,11,96),(302,85,1.00,3,0.00,'2013-01-06 10:22:33','N','2013-01-06 10:22:33','2013-01-06 10:22:33',1,11,96),(303,105,0.30,3,0.00,'2013-01-06 10:51:43','N','2013-01-06 10:51:43','2013-01-06 10:51:43',1,11,168),(304,105,0.30,3,0.00,'2013-01-06 10:51:43','N','2013-01-06 10:51:43','2013-01-06 10:51:43',1,11,168),(305,105,0.30,3,0.00,'2013-01-06 10:51:44','N','2013-01-06 10:51:44','2013-01-06 10:51:44',1,11,168),(306,105,0.30,3,0.00,'2013-01-06 10:51:45','N','2013-01-06 10:51:45','2013-01-06 10:51:45',1,11,168),(307,105,0.30,3,0.00,'2013-01-06 10:51:46','N','2013-01-06 10:51:46','2013-01-06 10:51:46',1,11,168),(308,105,0.30,3,0.00,'2013-01-06 10:51:46','N','2013-01-06 10:51:46','2013-01-06 10:51:46',1,11,168),(309,83,1.00,3,0.00,'2015-12-25 14:23:57','N','2015-12-25 14:23:57','2015-12-25 14:23:57',1,2,141),(310,83,1.00,3,0.00,'2015-12-25 14:23:59','N','2015-12-25 14:23:59','2015-12-25 14:23:59',1,2,141),(311,84,1.00,3,0.00,'2015-12-25 14:24:03','N','2015-12-25 14:24:03','2015-12-25 14:24:03',1,2,142),(312,84,1.00,3,0.00,'2015-12-25 14:24:04','N','2015-12-25 14:24:04','2015-12-25 14:24:04',1,2,142),(313,89,1.00,3,0.00,'2015-12-25 14:24:08','N','2015-12-25 14:24:08','2015-12-25 14:24:08',1,2,147),(314,85,1.00,3,0.00,'2015-12-25 14:26:14','N','2015-12-25 14:26:14','2015-12-25 14:26:14',1,3,96),(315,108,2.00,3,0.00,'2015-12-25 14:26:57','N','2015-12-25 14:26:57','2015-12-25 14:26:57',1,6,164),(316,108,2.00,3,0.00,'2015-12-25 14:26:59','N','2015-12-25 14:26:59','2015-12-25 14:26:59',1,6,164),(317,108,2.00,3,0.00,'2015-12-25 14:27:03','N','2015-12-25 14:27:03','2015-12-25 14:27:03',1,6,164),(318,86,1.00,3,0.00,'2015-12-25 14:29:46','N','2015-12-25 14:29:46','2015-12-25 14:29:46',1,6,167),(319,107,1.00,3,0.00,'2015-12-25 14:29:54','N','2015-12-25 14:29:54','2015-12-25 14:29:54',1,6,130),(320,107,1.00,3,0.00,'2015-12-25 14:29:57','N','2015-12-25 14:29:57','2015-12-25 14:29:57',1,6,130),(321,94,0.10,3,0.00,'2015-12-27 13:14:48','N','2015-12-27 13:14:48','2015-12-27 13:14:48',1,8,106),(322,83,1.00,3,0.00,'2015-12-27 13:14:54','N','2015-12-27 13:14:54','2015-12-27 13:14:54',1,8,141),(323,106,1.00,3,0.00,'2015-12-27 13:21:15','N','2015-12-27 13:21:15','2015-12-27 13:21:15',1,10,129),(324,78,0.50,3,0.00,'2015-12-28 18:42:06','N','2015-12-28 18:42:06','2015-12-28 18:42:06',1,4,166),(325,86,1.00,3,0.00,'2015-12-30 17:37:10','N','2015-12-30 17:37:10','2015-12-30 17:37:10',1,4,154),(326,86,1.00,3,0.00,'2016-01-02 01:02:28','N','2016-01-02 01:02:28','2016-01-02 01:02:28',1,4,167),(327,86,1.00,3,0.00,'2016-01-02 01:02:30','N','2016-01-02 01:02:30','2016-01-02 01:02:30',1,4,167),(328,110,61.00,1,3.00,'2016-01-05 00:00:00','N','2016-01-03 10:44:33','2016-01-03 10:44:33',1,-1,-1),(329,86,1.00,3,0.00,'2016-04-10 16:51:30','N','2016-04-10 16:51:30','2016-04-10 16:51:30',1,6,154),(330,86,1.00,3,0.00,'2016-04-10 16:51:35','N','2016-04-10 16:51:35','2016-04-10 16:51:35',1,6,154),(331,86,1.00,3,0.00,'2016-04-10 16:51:37','N','2016-04-10 16:51:37','2016-04-10 16:51:37',1,6,154),(332,105,0.20,3,0.00,'2016-04-10 16:51:53','N','2016-04-10 16:51:53','2016-04-10 16:51:53',1,6,103),(333,98,1.00,3,0.00,'2016-04-10 16:51:53','N','2016-04-10 16:51:53','2016-04-10 16:51:53',1,6,103),(334,104,0.50,3,0.00,'2016-04-10 16:51:53','N','2016-04-10 16:51:53','2016-04-10 16:51:53',1,6,103),(335,97,0.90,3,0.00,'2016-04-10 16:51:53','N','2016-04-10 16:51:53','2016-04-10 16:51:53',1,6,103),(336,105,0.20,3,0.00,'2016-04-10 16:51:55','N','2016-04-10 16:51:55','2016-04-10 16:51:55',1,6,103),(337,98,1.00,3,0.00,'2016-04-10 16:51:55','N','2016-04-10 16:51:55','2016-04-10 16:51:55',1,6,103),(338,104,0.50,3,0.00,'2016-04-10 16:51:55','N','2016-04-10 16:51:55','2016-04-10 16:51:55',1,6,103),(339,97,0.90,3,0.00,'2016-04-10 16:51:56','N','2016-04-10 16:51:56','2016-04-10 16:51:56',1,6,103),(340,105,0.20,3,0.00,'2016-04-10 16:51:58','N','2016-04-10 16:51:58','2016-04-10 16:51:58',1,6,103),(341,98,1.00,3,0.00,'2016-04-10 16:51:58','N','2016-04-10 16:51:58','2016-04-10 16:51:58',1,6,103),(342,104,0.50,3,0.00,'2016-04-10 16:51:58','N','2016-04-10 16:51:58','2016-04-10 16:51:58',1,6,103),(343,97,0.90,3,0.00,'2016-04-10 16:51:58','N','2016-04-10 16:51:58','2016-04-10 16:51:58',1,6,103),(344,105,0.20,3,0.00,'2016-04-10 16:52:01','N','2016-04-10 16:52:01','2016-04-10 16:52:01',1,6,103),(345,98,1.00,3,0.00,'2016-04-10 16:52:01','N','2016-04-10 16:52:01','2016-04-10 16:52:01',1,6,103),(346,104,0.50,3,0.00,'2016-04-10 16:52:01','N','2016-04-10 16:52:01','2016-04-10 16:52:01',1,6,103),(347,97,0.90,3,0.00,'2016-04-10 16:52:01','N','2016-04-10 16:52:01','2016-04-10 16:52:01',1,6,103),(352,109,1.00,3,0.00,'2016-04-10 16:54:01','N','2016-04-10 16:54:01','2016-04-10 16:54:01',1,10,163),(353,110,1.00,3,0.00,'2016-04-10 16:54:01','N','2016-04-10 16:54:01','2016-04-10 16:54:01',1,10,163),(354,111,0.10,3,0.00,'2016-04-10 16:54:01','N','2016-04-10 16:54:01','2016-04-10 16:54:01',1,10,163),(355,109,1.00,3,0.00,'2016-04-10 16:54:05','N','2016-04-10 16:54:05','2016-04-10 16:54:05',1,10,163),(356,110,1.00,3,0.00,'2016-04-10 16:54:05','N','2016-04-10 16:54:05','2016-04-10 16:54:05',1,10,163),(357,111,0.10,3,0.00,'2016-04-10 16:54:05','N','2016-04-10 16:54:05','2016-04-10 16:54:05',1,10,163),(358,109,1.00,3,0.00,'2016-04-10 16:54:10','N','2016-04-10 16:54:10','2016-04-10 16:54:10',1,10,163),(359,110,1.00,3,0.00,'2016-04-10 16:54:10','N','2016-04-10 16:54:10','2016-04-10 16:54:10',1,10,163),(360,111,0.10,3,0.00,'2016-04-10 16:54:10','N','2016-04-10 16:54:10','2016-04-10 16:54:10',1,10,163),(361,109,1.00,3,0.00,'2016-04-10 16:54:32','N','2016-04-10 16:54:32','2016-04-10 16:54:32',1,10,163),(362,110,1.00,3,0.00,'2016-04-10 16:54:32','N','2016-04-10 16:54:32','2016-04-10 16:54:32',1,10,163),(363,111,0.10,3,0.00,'2016-04-10 16:54:32','N','2016-04-10 16:54:32','2016-04-10 16:54:32',1,10,163),(364,105,0.20,3,0.00,'2016-04-10 16:56:15','N','2016-04-10 16:56:15','2016-04-10 16:56:15',1,10,103),(365,98,1.00,3,0.00,'2016-04-10 16:56:15','N','2016-04-10 16:56:15','2016-04-10 16:56:15',1,10,103),(366,104,0.50,3,0.00,'2016-04-10 16:56:15','N','2016-04-10 16:56:15','2016-04-10 16:56:15',1,10,103),(367,97,0.90,3,0.00,'2016-04-10 16:56:16','N','2016-04-10 16:56:16','2016-04-10 16:56:16',1,10,103),(368,98,8.00,3,0.00,'2016-04-10 16:56:54','N','2016-04-10 16:56:54','2016-04-10 16:56:54',1,10,100),(369,104,1.00,3,0.00,'2016-04-10 16:56:54','N','2016-04-10 16:56:54','2016-04-10 16:56:54',1,10,100),(370,81,1.00,3,0.00,'2016-04-10 16:56:54','N','2016-04-10 16:56:54','2016-04-10 16:56:54',1,10,100),(371,98,1.00,3,0.00,'2016-04-10 16:58:37','N','2016-04-10 16:58:37','2016-04-10 16:58:37',1,10,113),(372,98,1.00,3,0.00,'2016-04-10 16:58:39','N','2016-04-10 16:58:39','2016-04-10 16:58:39',1,10,113),(373,98,1.00,3,0.00,'2016-04-10 16:58:41','N','2016-04-10 16:58:41','2016-04-10 16:58:41',1,10,113);
/*!40000 ALTER TABLE `inventorydetail` ENABLE KEYS */;
UNLOCK TABLES;

--
-- Table structure for table `inventoryheader`
--

DROP TABLE IF EXISTS `inventoryheader`;
/*!40101 SET @saved_cs_client     = @@character_set_client */;
/*!40101 SET character_set_client = utf8 */;
CREATE TABLE `inventoryheader` (
  `InventoryHeaderid` int(11) NOT NULL AUTO_INCREMENT,
  `InventoryTypeID` int(11) NOT NULL,
  `InventoryTypeName` varchar(45) NOT NULL,
  `DelFlag` char(1) DEFAULT NULL,
  `ModDate` datetime DEFAULT NULL,
  `CreateDate` datetime DEFAULT NULL,
  `ModBy` int(11) DEFAULT NULL,
  `Measure` varchar(45) DEFAULT NULL,
  PRIMARY KEY (`InventoryHeaderid`)
) ENGINE=InnoDB AUTO_INCREMENT=113 DEFAULT CHARSET=utf8;
/*!40101 SET character_set_client = @saved_cs_client */;

--
-- Dumping data for table `inventoryheader`
--

LOCK TABLES `inventoryheader` WRITE;
/*!40000 ALTER TABLE `inventoryheader` DISABLE KEYS */;
INSERT INTO `inventoryheader` VALUES (78,1,'TOMATO','N','2012-10-10 14:46:17','2012-10-10 14:46:17',NULL,'KG'),(79,2,'KOLAMBI','N','2012-10-10 14:46:17','2012-10-10 14:46:17',NULL,'KG'),(80,3,'DAIRY','N','2012-10-10 14:46:17','2012-10-10 14:46:17',NULL,'LT'),(81,2,'SURMAI','N','2012-10-10 14:46:17','2012-10-10 14:46:17',NULL,'CT'),(82,2,'BANGADA','N','2012-10-10 14:46:17','2012-10-10 14:46:17',NULL,'CT'),(83,2,'HALAVA','N','2012-10-10 14:46:17','2012-10-10 14:46:17',NULL,'CT'),(84,2,'BOMBIL','N','2012-10-10 14:46:17','2012-10-10 14:46:17',NULL,'CT'),(85,2,'POMPHRET','N','2012-10-10 14:46:17','2012-10-10 14:46:17',NULL,'CT'),(86,2,'PRAWNS','N','2012-10-10 14:46:17','2012-10-10 14:46:17',NULL,'CT'),(87,2,'GHOL','N','2012-10-10 14:46:17','2012-10-10 14:46:17',NULL,'CT'),(88,2,'RAVAS','N','2012-10-10 14:46:17','2012-10-10 14:46:17',NULL,'CT'),(89,2,'JITADA','N','2012-10-10 14:46:17','2012-10-10 14:46:17',NULL,'CT'),(90,2,'MANDELI','N','2012-10-10 14:46:17','2012-10-10 14:46:17',NULL,'CT'),(91,2,'GABOLI','N','2012-10-10 14:46:17','2012-10-10 14:46:17',NULL,'CT'),(92,2,'KHEKADA ','N','2012-10-10 14:46:17','2012-10-10 14:46:17',NULL,'CT'),(93,2,'TISRYA','N','2012-10-10 14:46:17','2012-10-10 14:46:17',NULL,'CT'),(94,4,'PITH','N','2012-10-10 14:46:17','2012-10-10 14:46:17',NULL,'KG'),(95,5,'MUTTON','N','2012-10-10 14:46:17','2012-10-10 14:46:17',NULL,'KG'),(96,5,'EGG','N','2012-10-10 14:46:17','2012-10-10 14:46:17',NULL,'CT'),(97,7,'ICECREAM','N','2012-10-10 14:46:17','2012-10-10 14:46:17',NULL,'KG'),(98,8,'SOFTDRNK','N','2012-10-10 14:46:17','2012-10-10 14:46:17',NULL,'CT'),(99,1,'KOTHIMBIR','N','2012-10-10 14:46:17','2012-10-10 14:46:17',NULL,'KG'),(100,4,'DAAL','N','2012-10-10 14:46:18','2012-10-10 14:46:18',NULL,'KG'),(101,9,'PAPAD','N','2012-10-10 14:46:18','2012-10-10 14:46:18',NULL,'CT'),(102,1,'BATATA','N','2012-10-10 14:46:18','2012-10-10 14:46:18',NULL,'KG'),(103,1,'FLOWER','N','2012-10-10 14:46:18','2012-10-10 14:46:18',NULL,'KG'),(104,4,'RICE','N','2012-10-10 14:46:18','2012-10-10 14:46:18',NULL,'KG'),(105,5,'CHICKEN','N','2012-10-10 14:46:18','2012-10-10 14:46:18',NULL,'KG'),(106,2,'KARANDI','N','2012-10-10 14:46:18','2012-10-10 14:46:18',NULL,'CT'),(107,2,'JAVALA','N','2012-10-10 14:46:18','2012-10-10 14:46:18',NULL,'CT'),(108,1,'LIME','N','2012-10-10 14:46:18','2012-10-10 14:46:18',NULL,'CT'),(109,1,'NARAL','N','2012-10-10 14:46:18','2012-10-10 14:46:18',NULL,'CT'),(110,1,'AGAL','N','2012-10-10 14:46:18','2012-10-10 14:46:18',NULL,'CT'),(111,1,'MIRCHI','N','2012-10-10 14:46:18','2012-10-10 14:46:18',NULL,'KG'),(112,8,'GULABJMN','N','2012-10-10 14:46:18','2012-10-10 14:46:18',NULL,'CT');
/*!40000 ALTER TABLE `inventoryheader` ENABLE KEYS */;
UNLOCK TABLES;

--
-- Table structure for table `invmnuassn`
--

DROP TABLE IF EXISTS `invmnuassn`;
/*!40101 SET @saved_cs_client     = @@character_set_client */;
/*!40101 SET character_set_client = utf8 */;
CREATE TABLE `invmnuassn` (
  `idinvmnuassn` int(11) NOT NULL AUTO_INCREMENT,
  `menuitemid` int(11) NOT NULL,
  `invheaderid` int(11) NOT NULL,
  `reduceinvqty` decimal(3,2) NOT NULL,
  `DelFlag` char(1) DEFAULT NULL,
  `ModDate` datetime DEFAULT NULL,
  `CreateDate` datetime DEFAULT NULL,
  `modby` int(11) DEFAULT NULL,
  PRIMARY KEY (`idinvmnuassn`),
  KEY `toinvdetail` (`invheaderid`),
  KEY `tomenuitemheader` (`menuitemid`)
) ENGINE=InnoDB AUTO_INCREMENT=427 DEFAULT CHARSET=utf8;
/*!40101 SET character_set_client = @saved_cs_client */;

--
-- Dumping data for table `invmnuassn`
--

LOCK TABLES `invmnuassn` WRITE;
/*!40000 ALTER TABLE `invmnuassn` DISABLE KEYS */;
INSERT INTO `invmnuassn` VALUES (241,96,85,1.00,'Y','2015-12-30 22:15:55','2012-10-11 03:46:25',1),(242,97,81,1.00,'Y','2015-12-31 15:36:33','2012-10-11 03:46:25',0),(243,97,85,1.00,'Y','2015-12-31 15:51:51','2012-10-11 03:46:25',1),(244,97,84,1.00,'Y','2015-12-31 16:12:40','2012-10-11 03:46:25',1),(245,98,104,0.10,'N','2012-10-11 03:46:25','2012-10-11 03:46:25',NULL),(246,99,86,1.00,'Y','2015-12-31 16:13:01','2012-10-11 03:46:25',1),(247,100,81,1.00,'Y','2015-12-31 16:25:43','2012-10-11 03:46:25',1),(248,101,85,1.00,'Y','2016-01-01 12:42:03','2012-10-11 03:46:25',1),(249,102,96,2.00,'Y','2016-01-01 12:57:40','2012-10-11 03:46:25',1),(250,103,105,0.20,'N','2012-10-11 03:46:25','2012-10-11 03:46:25',NULL),(251,104,95,0.20,'Y','2016-01-01 13:04:25','2012-10-11 03:46:25',1),(252,105,94,0.10,'Y','2016-01-01 13:01:14','2012-10-11 03:46:25',1),(253,106,94,0.10,'N','2012-10-11 03:46:25','2012-10-11 03:46:25',NULL),(254,107,101,2.00,'Y','2016-01-01 12:55:14','2012-10-11 03:46:25',1),(255,108,101,3.00,'N','2012-10-11 03:46:25','2012-10-11 03:46:25',NULL),(256,109,101,2.00,'Y','2016-01-01 13:09:12','2012-10-11 03:46:25',1),(257,110,78,0.10,'N','2012-10-11 03:46:25','2012-10-11 03:46:25',NULL),(258,110,102,0.10,'N','2012-10-11 03:46:25','2012-10-11 03:46:25',NULL),(259,111,112,2.00,'N','2012-10-11 03:46:25','2012-10-11 03:46:25',NULL),(260,112,98,1.00,'Y','2016-01-01 13:13:48','2012-10-11 03:46:26',1),(261,113,98,1.00,'N','2012-10-11 03:46:26','2012-10-11 03:46:26',NULL),(262,114,81,1.00,'Y','2015-12-31 17:59:01','2012-10-11 03:46:26',1),(263,115,82,1.00,'N','2012-10-11 03:46:26','2012-10-11 03:46:26',NULL),(264,116,86,1.00,'N','2012-10-11 03:46:26','2012-10-11 03:46:26',NULL),(265,117,87,1.00,'N','2012-10-11 03:46:26','2012-10-11 03:46:26',NULL),(266,118,87,1.00,'N','2012-10-11 03:46:26','2012-10-11 03:46:26',NULL),(267,119,84,1.00,'N','2012-10-11 03:46:26','2012-10-11 03:46:26',NULL),(268,120,90,1.00,'N','2012-10-11 03:46:26','2012-10-11 03:46:26',NULL),(269,121,85,1.00,'N','2012-10-11 03:46:26','2012-10-11 03:46:26',NULL),(270,122,86,1.00,'N','2012-10-11 03:46:26','2012-10-11 03:46:26',NULL),(271,123,86,1.00,'N','2012-10-11 03:46:26','2012-10-11 03:46:26',NULL),(272,124,85,2.00,'N','2012-10-11 03:46:26','2012-10-11 03:46:26',NULL),(273,125,86,1.00,'N','2012-10-11 03:46:26','2012-10-11 03:46:26',NULL),(274,126,81,1.00,'N','2012-10-11 03:46:26','2012-10-11 03:46:26',NULL),(275,127,89,1.00,'N','2012-10-11 03:46:26','2012-10-11 03:46:26',NULL),(276,128,86,4.00,'N','2012-10-11 03:46:26','2012-10-11 03:46:26',NULL),(277,129,106,1.00,'N','2012-10-11 03:46:26','2012-10-11 03:46:26',NULL),(278,130,107,1.00,'N','2012-10-11 03:46:26','2012-10-11 03:46:26',NULL),(279,131,84,1.00,'N','2012-10-11 03:46:26','2012-10-11 03:46:26',NULL),(280,132,92,1.00,'N','2012-10-11 03:46:26','2012-10-11 03:46:26',NULL),(281,133,93,2.00,'N','2012-10-11 03:46:26','2012-10-11 03:46:26',NULL),(282,134,105,0.50,'N','2012-10-11 03:46:26','2012-10-11 03:46:26',NULL),(283,135,105,0.50,'N','2012-10-11 03:46:26','2012-10-11 03:46:26',NULL),(284,136,95,0.20,'N','2012-10-11 03:46:26','2012-10-11 03:46:26',NULL),(285,137,95,0.20,'N','2012-10-11 03:46:26','2012-10-11 03:46:26',NULL),(286,138,96,2.00,'N','2012-10-11 03:46:26','2012-10-11 03:46:26',NULL),(287,139,81,1.00,'N','2012-10-11 03:46:26','2012-10-11 03:46:26',NULL),(288,140,82,1.00,'N','2012-10-11 03:46:26','2012-10-11 03:46:26',NULL),(289,141,83,1.00,'N','2012-10-11 03:46:26','2012-10-11 03:46:26',NULL),(290,142,84,1.00,'N','2012-10-11 03:46:27','2012-10-11 03:46:27',NULL),(291,143,85,1.00,'N','2012-10-11 03:46:27','2012-10-11 03:46:27',NULL),(292,144,86,1.00,'N','2012-10-11 03:46:27','2012-10-11 03:46:27',NULL),(293,145,88,1.00,'N','2012-10-11 03:46:27','2012-10-11 03:46:27',NULL),(294,146,87,1.00,'N','2012-10-11 03:46:27','2012-10-11 03:46:27',NULL),(295,147,89,1.00,'N','2012-10-11 03:46:27','2012-10-11 03:46:27',NULL),(296,148,78,0.20,'N','2012-10-11 03:46:27','2012-10-11 03:46:27',NULL),(297,148,99,0.20,'N','2012-10-11 03:46:27','2012-10-11 03:46:27',NULL),(298,149,81,1.00,'N','2012-10-11 03:46:27','2012-10-11 03:46:27',NULL),(299,150,82,1.00,'N','2012-10-11 03:46:27','2012-10-11 03:46:27',NULL),(300,151,83,1.00,'N','2012-10-11 03:46:27','2012-10-11 03:46:27',NULL),(301,152,84,1.00,'N','2012-10-11 03:46:27','2012-10-11 03:46:27',NULL),(302,153,85,1.00,'N','2012-10-11 03:46:27','2012-10-11 03:46:27',NULL),(303,154,86,1.00,'N','2012-10-11 03:46:27','2012-10-11 03:46:27',NULL),(304,155,106,1.00,'N','2012-10-11 03:46:27','2012-10-11 03:46:27',NULL),(305,156,86,1.00,'N','2012-10-11 03:46:27','2012-10-11 03:46:27',NULL),(306,157,92,1.00,'N','2012-10-11 03:46:27','2012-10-11 03:46:27',NULL),(307,158,93,1.00,'N','2012-10-11 03:46:27','2012-10-11 03:46:27',NULL),(308,159,105,0.50,'N','2012-10-11 03:46:27','2012-10-11 03:46:27',NULL),(309,160,95,0.50,'N','2012-10-11 03:46:27','2012-10-11 03:46:27',NULL),(310,161,96,2.00,'N','2012-10-11 03:46:27','2012-10-11 03:46:27',NULL),(311,162,111,0.20,'N','2012-10-11 03:46:27','2012-10-11 03:46:27',NULL),(312,162,109,0.20,'N','2012-10-11 03:46:27','2012-10-11 03:46:27',NULL),(313,163,109,1.00,'N','2012-10-11 03:46:27','2012-10-11 03:46:27',NULL),(314,163,110,1.00,'N','2012-10-11 03:46:27','2012-10-11 03:46:27',NULL),(315,163,111,0.10,'N','2012-10-11 03:46:27','2012-10-11 03:46:27',NULL),(316,164,108,2.00,'N','2012-10-11 03:46:27','2012-10-11 03:46:27',NULL),(317,165,108,2.00,'N','2012-10-11 03:46:27','2012-10-11 03:46:27',NULL),(318,166,78,0.50,'N','2012-10-11 03:46:27','2012-10-11 03:46:27',NULL),(319,167,86,1.00,'N','2012-10-11 03:46:27','2012-10-11 03:46:27',NULL),(320,168,105,0.30,'N','2012-10-11 03:46:27','2012-10-11 03:46:27',NULL),(321,97,94,1.00,'Y','2015-12-31 16:05:35','2015-12-31 16:04:02',1),(322,97,95,1.00,'Y','2015-12-31 16:05:00','2015-12-31 16:04:36',1),(323,97,97,2.00,'Y','2015-12-31 17:45:41','2015-12-31 16:05:49',1),(324,103,83,1.00,'Y','2015-12-31 16:06:39','2015-12-31 16:06:09',1),(325,103,98,1.00,'N',NULL,'2015-12-31 16:06:28',1),(326,97,80,7.00,'Y','2015-12-31 16:12:24','2015-12-31 16:12:13',1),(327,99,96,6.00,'Y','2015-12-31 16:14:46','2015-12-31 16:13:19',1),(328,99,111,2.00,'Y','2016-01-01 17:56:33','2015-12-31 16:14:32',1),(329,97,101,7.00,'Y','2015-12-31 20:18:03','2015-12-31 16:25:03',1),(330,97,94,5.00,'Y','2016-01-01 15:27:54','2015-12-31 16:25:24',1),(331,97,106,1.00,'Y','2016-01-01 15:27:57','2015-12-31 16:26:16',1),(332,98,101,1.00,'Y','2016-01-01 13:27:36','2015-12-31 17:03:30',1),(333,98,99,1.00,'N',NULL,'2015-12-31 17:05:25',1),(334,99,97,7.00,'N',NULL,'2015-12-31 17:19:43',1),(335,96,100,8.00,'Y','2016-01-01 12:07:50','2015-12-31 17:20:33',1),(336,105,80,7.00,'Y','2016-01-01 15:27:35','2015-12-31 17:20:56',1),(337,97,80,1.00,'Y','2016-01-01 15:53:46','2015-12-31 17:30:13',1),(338,97,80,1.00,'Y','2016-01-01 15:53:43','2015-12-31 17:31:46',1),(339,97,112,2.00,'Y','2016-01-01 15:28:15','2015-12-31 17:33:31',1),(340,105,80,1.00,'Y','2016-01-01 13:02:50','2015-12-31 17:34:06',1),(341,106,97,1.00,'N',NULL,'2015-12-31 17:36:08',1),(342,110,103,9.00,'N',NULL,'2015-12-31 17:37:29',1),(343,97,100,8.00,'Y','2015-12-31 20:28:55','2015-12-31 17:45:10',1),(344,168,100,9.00,'N',NULL,'2015-12-31 17:46:27',1),(345,105,101,1.00,'Y','2016-01-01 13:03:54','2015-12-31 17:47:38',1),(346,103,104,0.50,'N',NULL,'2015-12-31 17:49:05',1),(347,106,112,9.00,'N',NULL,'2015-12-31 17:51:46',1),(348,98,112,9.00,'N',NULL,'2015-12-31 17:52:20',1),(349,110,98,9.00,'Y','2015-12-31 17:53:03','2015-12-31 17:52:57',1),(350,110,100,8.00,'N',NULL,'2015-12-31 17:53:34',1),(351,114,103,1.00,'Y','2015-12-31 17:58:59','2015-12-31 17:58:51',1),(352,114,100,1.00,'Y','2015-12-31 18:01:45','2015-12-31 18:00:24',1),(353,114,81,1.00,'Y','2016-01-01 13:40:52','2015-12-31 18:00:35',1),(354,114,103,1.00,'N',NULL,'2015-12-31 18:00:46',1),(355,114,78,1.00,'Y','2015-12-31 18:02:12','2015-12-31 18:00:52',1),(356,112,97,9.00,'Y','2015-12-31 18:07:40','2015-12-31 18:07:34',1),(357,101,94,1.00,'Y','2016-01-01 12:41:51','2015-12-31 20:12:42',1),(358,103,101,1.00,'Y','2015-12-31 20:28:46','2015-12-31 20:28:44',1),(359,97,112,1.00,'Y','2016-01-01 15:53:41','2015-12-31 20:29:19',1),(360,109,101,3.00,'Y','2016-01-01 13:09:08','2015-12-31 20:29:28',1),(361,102,104,1.00,'Y','2016-01-01 12:55:50','2015-12-31 20:29:57',1),(362,97,104,8.00,'Y','2016-01-01 12:39:42','2015-12-31 20:30:13',1),(363,101,101,3.00,'Y','2016-01-01 12:41:53','2016-01-01 12:10:27',1),(364,100,80,8.00,'Y','2016-01-01 12:36:07','2016-01-01 12:30:09',1),(365,103,97,0.90,'N',NULL,'2016-01-01 12:30:36',1),(366,104,98,8.00,'N',NULL,'2016-01-01 12:35:42',1),(367,100,98,8.00,'Y','2016-01-01 12:36:04','2016-01-01 12:36:01',1),(368,100,98,8.00,'N',NULL,'2016-01-01 12:36:51',1),(369,100,98,8.00,'Y','2016-01-01 12:37:17','2016-01-01 12:36:56',1),(370,100,98,8.00,'Y','2016-01-01 12:37:14','2016-01-01 12:37:06',1),(371,100,98,8.00,'Y','2016-01-01 12:37:10','2016-01-01 12:37:07',1),(372,100,98,8.00,'Y','2016-01-01 12:37:25','2016-01-01 12:37:21',1),(373,100,80,8.00,'Y','2016-01-01 12:37:48','2016-01-01 12:37:43',1),(374,107,94,2.00,'Y','2016-01-01 12:38:56','2016-01-01 12:38:52',1),(375,107,94,9.00,'Y','2016-01-01 12:54:57','2016-01-01 12:39:31',1),(376,101,100,8.00,'Y','2016-01-01 12:42:00','2016-01-01 12:41:43',1),(377,102,87,8.00,'Y','2016-01-01 12:57:00','2016-01-01 12:54:32',1),(378,107,95,9.00,'Y','2016-01-01 12:55:33','2016-01-01 12:54:47',1),(379,102,80,1.00,'Y','2016-01-01 12:59:27','2016-01-01 12:59:19',1),(380,105,112,2.00,'Y','2016-01-01 13:28:01','2016-01-01 13:02:04',1),(381,102,97,1.00,'Y','2016-01-01 13:07:29','2016-01-01 13:07:16',1),(382,102,100,1.00,'Y','2016-01-01 13:08:44','2016-01-01 13:08:38',1),(383,102,98,1.00,'Y','2016-01-01 15:00:59','2016-01-01 15:00:55',1),(384,102,79,1.00,'Y','2016-01-01 15:04:22','2016-01-01 15:01:53',1),(385,102,79,9.00,'Y','2016-01-01 15:04:19','2016-01-01 15:03:46',1),(386,102,104,1.00,'Y','2016-01-01 15:04:17','2016-01-01 15:04:09',1),(387,99,97,1.00,'Y','2016-01-01 15:21:41','2016-01-01 15:21:17',1),(388,106,95,1.00,'N',NULL,'2016-01-01 15:29:09',1),(389,97,112,7.00,'Y','2016-01-01 15:53:39','2016-01-01 15:53:35',1),(390,97,82,1.00,'Y','2016-01-01 15:54:27','2016-01-01 15:54:07',1),(391,97,107,1.00,'Y','2016-01-01 15:55:13','2016-01-01 15:54:15',1),(392,97,92,1.00,'Y','2016-01-01 16:14:41','2016-01-01 15:54:22',1),(393,96,85,5.00,'Y','2016-01-01 16:03:57','2016-01-01 16:01:37',1),(394,104,95,1.00,'Y','2016-01-31 15:00:31','2016-01-01 16:04:56',1),(395,98,97,1.00,'Y','2016-01-01 18:25:05','2016-01-01 18:24:55',1),(396,104,97,2.00,'Y','2016-01-01 18:33:04','2016-01-01 18:32:56',1),(397,104,97,4.00,'Y','2016-01-01 18:33:50','2016-01-01 18:33:36',1),(398,105,94,2.00,'N',NULL,'2016-01-01 19:05:19',1),(399,101,85,2.00,'N',NULL,'2016-01-01 19:06:09',1),(400,101,104,1.00,'N',NULL,'2016-01-01 19:06:29',1),(401,97,91,1.00,'N',NULL,'2016-01-01 19:06:42',1),(402,97,87,1.00,'N',NULL,'2016-01-01 19:06:49',1),(403,97,108,0.50,'N',NULL,'2016-01-01 19:08:29',1),(404,97,111,1.00,'N',NULL,'2016-01-01 19:08:44',1),(405,97,78,0.50,'Y','2016-01-01 19:42:43','2016-01-01 19:08:58',1),(406,97,90,1.00,'N',NULL,'2016-01-01 19:10:40',1),(407,97,86,1.00,'N',NULL,'2016-01-01 19:13:28',1),(408,98,92,1.00,'N',NULL,'2016-01-01 19:27:08',1),(409,97,109,0.50,'Y','2016-01-01 19:37:09','2016-01-01 19:36:40',1),(410,97,99,1.00,'N',NULL,'2016-01-01 19:36:59',1),(411,102,96,1.00,'N',NULL,'2016-01-01 19:40:57',1),(412,102,104,0.50,'N',NULL,'2016-01-01 19:41:11',1),(413,102,111,1.00,'N',NULL,'2016-01-01 19:41:23',1),(414,96,107,1.00,'N',NULL,'2016-01-01 19:42:30',1),(415,106,94,1.00,'N',NULL,'2016-01-01 19:44:52',1),(416,106,104,1.00,'N',NULL,'2016-01-01 19:45:51',1),(417,111,106,1.00,'N',NULL,'2016-01-01 19:48:39',1),(418,110,104,5.00,'N',NULL,'2016-01-01 19:48:58',1),(419,99,104,1.00,'N',NULL,'2016-01-01 20:08:25',1),(420,100,104,1.00,'N',NULL,'2016-01-01 20:08:36',1),(421,100,81,1.00,'N',NULL,'2016-01-01 20:08:48',1),(422,105,95,9.00,'N',NULL,'2016-01-03 10:46:33',1),(423,104,94,1.00,'N',NULL,'2016-01-31 15:00:22',1),(424,104,96,1.00,'N',NULL,'2016-01-31 15:00:53',1),(425,104,95,0.25,'N',NULL,'2016-01-31 15:01:03',1),(426,99,94,1.00,'N',NULL,'2016-04-10 16:58:02',1);
/*!40000 ALTER TABLE `invmnuassn` ENABLE KEYS */;
UNLOCK TABLES;

--
-- Table structure for table `menuitemheader`
--

DROP TABLE IF EXISTS `menuitemheader`;
/*!40101 SET @saved_cs_client     = @@character_set_client */;
/*!40101 SET character_set_client = utf8 */;
CREATE TABLE `menuitemheader` (
  `MenuItemID` int(11) NOT NULL AUTO_INCREMENT,
  `MenuItemType` varchar(4) NOT NULL,
  `MenuItemName` varchar(45) NOT NULL,
  `MenuItemCost` decimal(10,0) NOT NULL,
  `DelFlag` char(1) DEFAULT NULL,
  `ModDate` datetime DEFAULT NULL,
  `CreateDate` datetime DEFAULT NULL,
  `ModBy` int(11) DEFAULT NULL,
  `HotelID` int(11) NOT NULL,
  `showinorder` char(2) DEFAULT NULL,
  `idmenutaxassn` int(11) DEFAULT NULL,
  PRIMARY KEY (`MenuItemID`),
  KEY `ToHotelID1` (`HotelID`),
  KEY `ToTaxMaster1_idx` (`idmenutaxassn`),
  CONSTRAINT `ToHotelID1` FOREIGN KEY (`HotelID`) REFERENCES `hoteldetail` (`hotelid`) ON DELETE NO ACTION ON UPDATE NO ACTION,
  CONSTRAINT `ToTaxMaster1` FOREIGN KEY (`idmenutaxassn`) REFERENCES `menutaxassn` (`idmenutaxassn`) ON DELETE NO ACTION ON UPDATE NO ACTION
) ENGINE=InnoDB AUTO_INCREMENT=169 DEFAULT CHARSET=utf8;
/*!40101 SET character_set_client = @saved_cs_client */;

--
-- Dumping data for table `menuitemheader`
--

LOCK TABLES `menuitemheader` WRITE;
/*!40000 ALTER TABLE `menuitemheader` DISABLE KEYS */;
INSERT INTO `menuitemheader` VALUES (-1,'INVT','Inventory Dummy',-1,'N',NULL,NULL,NULL,1,NULL,1),(96,'SPLT','Stuff Pomphret',450,'N',NULL,NULL,NULL,1,'Y',1),(97,'SPLT','Fish Platter',1200,'N',NULL,NULL,NULL,1,'Y',1),(98,'RICE','Steam Rice',80,'N',NULL,NULL,NULL,1,'Y',1),(99,'RICE','Prawns Rice',200,'N',NULL,NULL,NULL,1,'Y',1),(100,'RICE','Surmai Rice',200,'N',NULL,NULL,NULL,1,'Y',1),(101,'RICE','Pomphret Rice',200,'N',NULL,NULL,NULL,1,'Y',1),(102,'RICE','Egg Rice',130,'N',NULL,NULL,NULL,1,'Y',1),(103,'RICE','Chicken Rice',160,'N',NULL,NULL,NULL,1,'Y',1),(104,'RICE','Mutton Rice',220,'N',NULL,NULL,NULL,1,'Y',1),(105,'ROTI','Bhakari',15,'N',NULL,NULL,NULL,1,'Y',1),(106,'ROTI','Chapati',8,'N',NULL,NULL,NULL,1,'Y',1),(107,'SDSH','Masala Papad',25,'N',NULL,NULL,NULL,1,'Y',1),(108,'SDSH','Roasted Papad',10,'N',NULL,NULL,NULL,1,'Y',1),(109,'SDSH','Fried Papad',15,'N',NULL,NULL,NULL,1,'Y',1),(110,'SDSH','Green Salad',40,'N',NULL,NULL,NULL,1,'Y',1),(111,'DSRT','Gulab jamun',40,'N',NULL,NULL,NULL,1,'Y',1),(112,'DSRT','Soft Drink',25,'N',NULL,NULL,NULL,1,'Y',1),(113,'DSRT','Water',25,'N',NULL,NULL,NULL,1,'Y',1),(114,'FHFY','Surmai Fry',170,'N',NULL,NULL,NULL,1,'Y',1),(115,'FHFY','Bangada Fry',170,'N',NULL,NULL,NULL,1,'Y',1),(116,'FHFY','Halwa Fry',170,'N',NULL,NULL,NULL,1,'Y',1),(117,'FHFY','Rawas Fry',190,'N',NULL,NULL,NULL,1,'Y',1),(118,'FHFY','Ghol Fry',190,'N',NULL,NULL,NULL,1,'Y',1),(119,'FHFY','Bombil Fry',120,'N',NULL,NULL,NULL,1,'Y',1),(120,'FHFY','Mandeli Fry',150,'N',NULL,NULL,NULL,1,'Y',1),(121,'FHFY','Pomphret Fry',190,'N',NULL,NULL,NULL,1,'Y',1),(122,'FHFY','Prawns Fry',190,'N',NULL,NULL,NULL,1,'Y',1),(123,'FHFY','Butter Garlic Prawns',300,'N',NULL,NULL,NULL,1,'Y',1),(124,'FHFY','Jumbo Pomphret Fry',300,'N',NULL,NULL,NULL,1,'Y',1),(125,'FHFY','King Prawns Fry',300,'N',NULL,NULL,NULL,1,'Y',1),(126,'FHFY','Jumbo Surmai Fry',300,'N',NULL,NULL,NULL,1,'Y',1),(127,'FHFY','Jitada Fry',300,'N',NULL,NULL,NULL,1,'Y',1),(128,'MSLA','Prawns Masala',170,'N',NULL,NULL,NULL,1,'Y',1),(129,'MSLA','Karandi Masala',170,'N',NULL,NULL,NULL,1,'Y',1),(130,'MSLA','Jawala Masala',100,'N',NULL,NULL,NULL,1,'Y',1),(131,'MSLA','Sukha Bombil',130,'N',NULL,NULL,NULL,1,'Y',1),(132,'MSLA','Khekda Masala',170,'N',NULL,NULL,NULL,1,'Y',1),(133,'MSLA','Tisrya Masala',170,'N',NULL,NULL,NULL,1,'Y',1),(134,'MSLA','Chicken Masala',150,'N',NULL,NULL,NULL,1,'Y',1),(135,'MSLA','Chicken Sukha',160,'N',NULL,NULL,NULL,1,'Y',1),(136,'MSLA','Mutton Masala',190,'N',NULL,NULL,NULL,1,'Y',1),(137,'MSLA','Mutton Sukha',190,'N',NULL,NULL,NULL,1,'Y',1),(138,'MSLA','Egg Masala',100,'N',NULL,NULL,NULL,1,'Y',1),(139,'CURY','Surmai Curry',180,'N',NULL,NULL,NULL,1,'Y',1),(140,'CURY','Bangada Curry',180,'N',NULL,NULL,NULL,1,'Y',1),(141,'CURY','Halwa Curry',180,'N',NULL,NULL,NULL,1,'Y',1),(142,'CURY','Bombil Curry',160,'N',NULL,NULL,NULL,1,'Y',1),(143,'CURY','Pomphret Curry',200,'N',NULL,NULL,NULL,1,'Y',1),(144,'CURY','Prawns Curry',200,'N',NULL,NULL,NULL,1,'Y',1),(145,'CURY','Rawas Curry',200,'N',NULL,NULL,NULL,1,'Y',1),(146,'CURY','Ghol Curry',200,'N',NULL,NULL,NULL,1,'Y',1),(147,'CURY','Jitada Curry',400,'N',NULL,NULL,NULL,1,'Y',1),(148,'VEG','Veg bhaji',80,'N',NULL,NULL,NULL,1,'Y',1),(149,'THLI','Surmai',210,'N',NULL,NULL,NULL,1,'Y',1),(150,'THLI','Bangada',210,'N',NULL,NULL,NULL,1,'Y',1),(151,'THLI','Halwa',210,'N',NULL,NULL,NULL,1,'Y',1),(152,'THLI','Bombil',190,'N',NULL,NULL,NULL,1,'Y',1),(153,'THLI','Pomphret',230,'N',NULL,NULL,NULL,1,'Y',1),(154,'THLI','Prawns',230,'N',NULL,NULL,NULL,1,'Y',1),(155,'THLI','Karandi ',230,'N',NULL,NULL,NULL,1,'Y',1),(156,'THLI','Rawas',230,'N',NULL,NULL,NULL,1,'Y',1),(157,'THLI','Khekada',230,'N',NULL,NULL,NULL,1,'Y',1),(158,'THLI','Tisrya',230,'N',NULL,NULL,NULL,1,'Y',1),(159,'THLI','Chicken',210,'N',NULL,NULL,NULL,1,'Y',1),(160,'THLI','Mutton ',240,'N',NULL,NULL,NULL,1,'Y',1),(161,'THLI','Egg',140,'N',NULL,NULL,NULL,1,'Y',1),(162,'THLI','Veg',130,'N',NULL,NULL,NULL,1,'Y',1),(163,'KADI','Solkadi',25,'N',NULL,NULL,NULL,1,'Y',1),(164,'KADI','Fresh Lime Juice',20,'N',NULL,NULL,NULL,1,'Y',1),(165,'KADI','Fresh Lime Soda',40,'N',NULL,NULL,NULL,1,'Y',1),(166,'SOUP','Tomato Soup',70,'N',NULL,NULL,NULL,1,'Y',1),(167,'SOUP','Prawns Soup',80,'N',NULL,NULL,NULL,1,'Y',1),(168,'SOUP','Chicken Soup',80,'N',NULL,NULL,NULL,1,'Y',1);
/*!40000 ALTER TABLE `menuitemheader` ENABLE KEYS */;
UNLOCK TABLES;

--
-- Table structure for table `menutaxassn`
--

DROP TABLE IF EXISTS `menutaxassn`;
/*!40101 SET @saved_cs_client     = @@character_set_client */;
/*!40101 SET character_set_client = utf8 */;
CREATE TABLE `menutaxassn` (
  `idmenutaxassn` int(11) NOT NULL AUTO_INCREMENT,
  `menuitemid` int(11) NOT NULL,
  `taxid` int(11) NOT NULL,
  `DelFlag` char(1) DEFAULT NULL,
  `ModDate` datetime DEFAULT NULL,
  `CreateDate` datetime DEFAULT NULL,
  `modby` int(11) DEFAULT NULL,
  PRIMARY KEY (`idmenutaxassn`),
  KEY `tomenuheader` (`menuitemid`),
  KEY `totaxmaster` (`taxid`)
) ENGINE=InnoDB AUTO_INCREMENT=4 DEFAULT CHARSET=utf8;
/*!40101 SET character_set_client = @saved_cs_client */;

--
-- Dumping data for table `menutaxassn`
--

LOCK TABLES `menutaxassn` WRITE;
/*!40000 ALTER TABLE `menutaxassn` DISABLE KEYS */;
INSERT INTO `menutaxassn` VALUES (1,163,1,'N','2012-07-11 20:13:21','2012-07-11 20:13:21',1),(2,163,2,'N','2012-07-11 20:13:21','2012-07-11 20:13:21',1),(3,97,1,'N','2012-07-11 20:13:21','2012-07-11 20:13:21',1);
/*!40000 ALTER TABLE `menutaxassn` ENABLE KEYS */;
UNLOCK TABLES;

--
-- Table structure for table `role_detail`
--

DROP TABLE IF EXISTS `role_detail`;
/*!40101 SET @saved_cs_client     = @@character_set_client */;
/*!40101 SET character_set_client = utf8 */;
CREATE TABLE `role_detail` (
  `role_id` int(11) NOT NULL AUTO_INCREMENT,
  `role_desc` varchar(45) NOT NULL,
  `lastupdate` datetime DEFAULT NULL,
  `updateby` varchar(45) DEFAULT NULL,
  `status` char(1) DEFAULT NULL,
  PRIMARY KEY (`role_id`)
) ENGINE=InnoDB AUTO_INCREMENT=3 DEFAULT CHARSET=utf8;
/*!40101 SET character_set_client = @saved_cs_client */;

--
-- Dumping data for table `role_detail`
--

LOCK TABLES `role_detail` WRITE;
/*!40000 ALTER TABLE `role_detail` DISABLE KEYS */;
INSERT INTO `role_detail` VALUES (1,'USERS',NULL,NULL,NULL),(2,'ADMIN',NULL,NULL,NULL);
/*!40000 ALTER TABLE `role_detail` ENABLE KEYS */;
UNLOCK TABLES;

--
-- Table structure for table `role_page_access`
--

DROP TABLE IF EXISTS `role_page_access`;
/*!40101 SET @saved_cs_client     = @@character_set_client */;
/*!40101 SET character_set_client = utf8 */;
CREATE TABLE `role_page_access` (
  `page_name` varchar(50) NOT NULL,
  `role_id` int(11) NOT NULL,
  `has_access` varchar(1) NOT NULL,
  `status` char(1) DEFAULT NULL,
  `lastupdate` datetime DEFAULT NULL,
  `updateby` int(11) DEFAULT NULL,
  KEY `RolePageToUsers` (`role_id`),
  CONSTRAINT `RolePageToUsers` FOREIGN KEY (`role_id`) REFERENCES `role_detail` (`role_id`) ON DELETE NO ACTION ON UPDATE NO ACTION
) ENGINE=InnoDB DEFAULT CHARSET=utf8;
/*!40101 SET character_set_client = @saved_cs_client */;

--
-- Dumping data for table `role_page_access`
--

LOCK TABLES `role_page_access` WRITE;
/*!40000 ALTER TABLE `role_page_access` DISABLE KEYS */;
INSERT INTO `role_page_access` VALUES ('PRINTBILL',1,'Y','A','2012-12-16 19:46:31',1),('ORDERDETAIL',1,'Y','A','2012-12-16 19:46:31',1),('INVNTRYRECORDNEWWASTE',1,'Y','A','2012-12-16 19:46:31',1),('DEFAULT',1,'Y','A','2012-12-16 19:46:31',1),('NEWRECIPES',1,'Y','A','2012-12-16 19:46:31',1),('VIEW_MENU',1,'Y','A','2016-01-31 15:10:04',1),('VIEWMENU',1,'Y','A','2016-01-31 15:10:54',1);
/*!40000 ALTER TABLE `role_page_access` ENABLE KEYS */;
UNLOCK TABLES;

--
-- Table structure for table `taxmaster`
--

DROP TABLE IF EXISTS `taxmaster`;
/*!40101 SET @saved_cs_client     = @@character_set_client */;
/*!40101 SET character_set_client = utf8 */;
CREATE TABLE `taxmaster` (
  `TaxID` int(11) NOT NULL AUTO_INCREMENT,
  `TaxPercent` decimal(19,3) NOT NULL,
  `DelFlag` char(1) DEFAULT NULL,
  `ModDate` datetime DEFAULT NULL,
  `CreateDate` datetime DEFAULT NULL,
  `ModBy` int(11) DEFAULT NULL,
  `HotelID` int(11) NOT NULL,
  `TaxDesc` varchar(85) NOT NULL,
  `TaxCode` varchar(45) NOT NULL,
  PRIMARY KEY (`TaxID`),
  KEY `ToHotelID2` (`HotelID`),
  CONSTRAINT `ToHotelID2` FOREIGN KEY (`HotelID`) REFERENCES `hoteldetail` (`hotelid`) ON DELETE NO ACTION ON UPDATE NO ACTION
) ENGINE=InnoDB AUTO_INCREMENT=3 DEFAULT CHARSET=utf8;
/*!40101 SET character_set_client = @saved_cs_client */;

--
-- Dumping data for table `taxmaster`
--

LOCK TABLES `taxmaster` WRITE;
/*!40000 ALTER TABLE `taxmaster` DISABLE KEYS */;
INSERT INTO `taxmaster` VALUES (1,12.500,'N','2012-07-11 20:13:21','2012-07-11 20:13:21',1,1,'VAT','VAT'),(2,5.500,'N','2012-07-11 20:13:21','2012-07-11 20:13:21',1,1,'SERVICE TAX','SVCTAX');
/*!40000 ALTER TABLE `taxmaster` ENABLE KEYS */;
UNLOCK TABLES;

--
-- Table structure for table `users`
--

DROP TABLE IF EXISTS `users`;
/*!40101 SET @saved_cs_client     = @@character_set_client */;
/*!40101 SET character_set_client = utf8 */;
CREATE TABLE `users` (
  `employee_id` int(11) NOT NULL,
  `login_name` varchar(45) NOT NULL,
  `sys_pwd` varchar(45) NOT NULL,
  `lname` varchar(45) NOT NULL,
  `fname` varchar(45) NOT NULL,
  `role_id` int(11) NOT NULL,
  `phone_no` varchar(45) DEFAULT NULL,
  `mobile_no` varchar(45) DEFAULT NULL,
  `addr1` varchar(45) DEFAULT NULL,
  `addr2` varchar(45) DEFAULT NULL,
  `city` varchar(45) DEFAULT NULL,
  `state` varchar(45) DEFAULT NULL,
  `pin` varchar(45) DEFAULT NULL,
  `lastupdate` varchar(45) DEFAULT NULL,
  `updateby` varchar(45) DEFAULT NULL,
  `status` varchar(45) DEFAULT NULL,
  `delflag` varchar(45) DEFAULT NULL,
  `hotelid` int(11) DEFAULT NULL,
  PRIMARY KEY (`employee_id`),
  KEY `UsersToHotel1` (`hotelid`),
  CONSTRAINT `UsersToHotel1` FOREIGN KEY (`hotelid`) REFERENCES `hoteldetail` (`hotelid`) ON DELETE NO ACTION ON UPDATE NO ACTION
) ENGINE=InnoDB DEFAULT CHARSET=utf8;
/*!40101 SET character_set_client = @saved_cs_client */;

--
-- Dumping data for table `users`
--

LOCK TABLES `users` WRITE;
/*!40000 ALTER TABLE `users` DISABLE KEYS */;
INSERT INTO `users` VALUES (1,'sathe','sathe','Sathe','Rahul',1,NULL,NULL,NULL,NULL,NULL,NULL,NULL,NULL,NULL,'A',NULL,1);
/*!40000 ALTER TABLE `users` ENABLE KEYS */;
UNLOCK TABLES;

--
-- Dumping events for database 'hotelbase'
--

--
-- Dumping routines for database 'hotelbase'
--
/*!40103 SET TIME_ZONE=@OLD_TIME_ZONE */;

/*!40101 SET SQL_MODE=@OLD_SQL_MODE */;
/*!40014 SET FOREIGN_KEY_CHECKS=@OLD_FOREIGN_KEY_CHECKS */;
/*!40014 SET UNIQUE_CHECKS=@OLD_UNIQUE_CHECKS */;
/*!40101 SET CHARACTER_SET_CLIENT=@OLD_CHARACTER_SET_CLIENT */;
/*!40101 SET CHARACTER_SET_RESULTS=@OLD_CHARACTER_SET_RESULTS */;
/*!40101 SET COLLATION_CONNECTION=@OLD_COLLATION_CONNECTION */;
/*!40111 SET SQL_NOTES=@OLD_SQL_NOTES */;

-- Dump completed on 2016-04-24 13:23:01
